{
    "flowchart-node-positions": {
        "v6inkb": {
            "x": 89.17617992945215,
            "y": 111.55877303399055
        },
        "1i0azn3": {
            "x": 76.67607594670308,
            "y": 254.13553754139247
        },
        "jx4n9a": {
            "x": 208.23515601135463,
            "y": 266.2157806048412
        },
        "6j8o2u": {
            "x": 200.83663452080492,
            "y": 36.46721705240861
        },
        "1h0gj5q": {
            "x": 61.36467362203733,
            "y": 389.38322588239396
        },
        "1y93xhq": {
            "x": 190.98800549271343,
            "y": 385.4501156311034
        },
        "9fp1qx": {
            "x": 399.2055291208575,
            "y": 607.8833953847927
        },
        "1fa3t6p": {
            "x": 495,
            "y": 612.5725839343742
        },
        "1orp2dy": {
            "x": 467.4,
            "y": 469.5910430275212
        },
        "15n7y56": {
            "x": 398.7898694206343,
            "y": 36.545285655111066
        },
        "pcavl4": {
            "x": 467.4,
            "y": 174.68014355915363
        },
        "16r2wi2": {
            "x": 466.52929729002653,
            "y": 335.3250069276157
        },
        "11qpn3v": {
            "x": 212.02019278004553,
            "y": 604.4623917827331
        },
        "1oce42x": {
            "x": 120.58343013990756,
            "y": 472.0628675771369
        },
        "c9lcu8": {
            "x": 132.94932956298481,
            "y": 577.7386717546926
        },
        "1h50dz3": {
            "x": 200.14931544399022,
            "y": 334.67534444887735
        },
        "1c7p49u": {
            "x": 309.5019908371055,
            "y": 409.85067456395376
        },
        "1k1tv6e": {
            "x": 91.4547908171045,
            "y": 637.5252917869019
        },
        "1lxqr3z": {
            "x": 240.7802904594668,
            "y": 702.4
        },
        "1rmf0tl": {
            "x": 312.8033887319227,
            "y": 170.63014480977125
        },
        "j2cp11": {
            "x": 220.91767538046906,
            "y": 57.599999999999994
        },
        "1458fir": {
            "x": 97.1665025258475,
            "y": 30
        },
        "1c6ug75": {
            "x": 109.91932421151273,
            "y": 173.8124774684664
        },
        "14hlsk": {
            "x": 96.24245465334329,
            "y": 323.0087831295105
        },
        "1xin4ng": {
            "x": 114.700326130702,
            "y": 469.2655950120293
        },
        "mzh5bz": {
            "x": 304.0983780216896,
            "y": 621.7555534940182
        },
        "1ftjfpf": {
            "x": 423.12237033627196,
            "y": 606.7979611215746
        },
        "1lxvw8j": {
            "x": 413.67148286018613,
            "y": 186.1108368655333
        },
        "143ws1y": {
            "x": 198.43771645206334,
            "y": 321.7346001248621
        },
        "63jj2w": {
            "x": 492.53574983456303,
            "y": 319.7820037572781
        },
        "i0l18e": {
            "x": 327.05236282083933,
            "y": 318.93623435661135
        },
        "v0ibid": {
            "x": 486.27914760399796,
            "y": 469.9778490914702
        },
        "1utdnlf": {
            "x": 217.4360031413199,
            "y": 597.134503932968
        },
        "5e3823": {
            "x": 314.87937702928576,
            "y": 472.4451755069281
        },
        "mgcw2j": {
            "x": 102.53212093338763,
            "y": 618.1860699998844
        },
        "1qqcfqz": {
            "x": 230.4593501387614,
            "y": 702.4
        },
        "1qqoala": {
            "x": 290.6839132828267,
            "y": 471.04398916983405
        },
        "5x0qsr": {
            "x": 30,
            "y": 47.89596077401706
        },
        "43ckz3": {
            "x": 93.64515842206863,
            "y": 191.91736761153518
        },
        "h0mu5a": {
            "x": 99.76751966475223,
            "y": 420.5361965585428
        },
        "6c93ku": {
            "x": 280.59258833394705,
            "y": 168.82180449828613
        },
        "2k4svi": {
            "x": 299.88056403696874,
            "y": 317.43330023584457
        },
        "1wwqhy9": {
            "x": 112.64153400367869,
            "y": 464.8909638529518
        },
        "ptl15o": {
            "x": 94.11735974865968,
            "y": 614.6140053929369
        },
        "12gp7b0": {
            "x": 211.5354124801985,
            "y": 702.4
        },
        "15ugn8w": {
            "x": 262.54371487538225,
            "y": 380.08160110071356
        }
    },
    "v6inkb": {
        "x": 30,
        "y": 620.2304923463576
    },
    "1i0azn3": {
        "x": 70.12430674318686,
        "y": 479.2494868590247
    },
    "jx4n9a": {
        "x": 204.5540079613325,
        "y": 475.5307465619459
    },
    "6j8o2u": {
        "x": 71.82974283057025,
        "y": 613.5668078234839
    },
    "1h0gj5q": {
        "x": 67.68334859862557,
        "y": 345.08548522269587
    },
    "1y93xhq": {
        "x": 210.72145694539324,
        "y": 345.88957430517996
    },
    "9fp1qx": {
        "x": 495,
        "y": 162.77568107614627
    },
    "1fa3t6p": {
        "x": 302.74951731048776,
        "y": 46.708630641997566
    },
    "1orp2dy": {
        "x": 378.6207305657604,
        "y": 199.78927128331233
    },
    "15n7y56": {
        "x": 99.56485100267433,
        "y": 38.40860546981365
    },
    "pcavl4": {
        "x": 189.5875469689266,
        "y": 171.81522900200414
    },
    "16r2wi2": {
        "x": 290.59239463429446,
        "y": 316.6988453210863
    },
    "11qpn3v": {
        "x": 474.9676107864465,
        "y": 597.3593158984422
    },
    "1oce42x": {
        "x": 479.1755615396962,
        "y": 337.2265932192023
    },
    "c9lcu8": {
        "x": 236.71255726264437,
        "y": 584.8033487710942
    },
    "1h50dz3": {
        "x": 495,
        "y": 467.679794903683
    },
    "1c7p49u": {
        "x": 374.58354430442864,
        "y": 470.57798197025704
    },
    "1k1tv6e": {
        "x": 188.66211730072575,
        "y": 638.7965681099087
    },
    "1lxqr3z": {
        "x": 328.61737362744395,
        "y": 697.8132679032917
    },
    "5x0qsr": {
        "x": 30,
        "y": 179.58710430600067
    },
    "43ckz3": {
        "x": 80.76646081228112,
        "y": 318.1425943101431
    },
    "h0mu5a": {
        "x": 195.8890915631961,
        "y": 434.5630977842352
    },
    "6c93ku": {
        "x": 66.99009945388333,
        "y": 465.50720051121755
    },
    "2k4svi": {
        "x": 207.01990955684144,
        "y": 483.2641612883087
    },
    "1qqoala": {
        "x": 376.0384411028175,
        "y": 465.0846862204834
    },
    "14hlsk": {
        "x": 86.35321588731384,
        "y": 335.00171636599174
    },
    "j2cp11": {
        "x": 192.099552666655,
        "y": 174.49242623469934
    },
    "1458fir": {
        "x": 107.80324335850828,
        "y": 45.817106287320506
    },
    "1rmf0tl": {
        "x": 304.65429129883927,
        "y": 175.7506315390513
    },
    "1lxvw8j": {
        "x": 415.0743057909627,
        "y": 305.0673546509329
    },
    "63jj2w": {
        "x": 411.7935309424161,
        "y": 354.9163788344634
    },
    "1utdnlf": {
        "x": 207.58349892549833,
        "y": 615.1925161599827
    },
    "mgcw2j": {
        "x": 87.5827042812365,
        "y": 624.9776566891999
    },
    "1ftjfpf": {
        "x": 417.84779174495344,
        "y": 484.02254887166663
    },
    "1c6ug75": {
        "x": 77.48401784398712,
        "y": 189.51073073412346
    },
    "mzh5bz": {
        "x": 495,
        "y": 347.792098152813
    },
    "143ws1y": {
        "x": 391.0354363746556,
        "y": 194.29833119788628
    },
    "i0l18e": {
        "x": 285.9371169760058,
        "y": 327.97014871704425
    },
    "v0ibid": {
        "x": 389.4039832361649,